{
  "structureId": "PTV",
  "planId": "EQD2",
  "dmaxGy": 54.18305,
  "dmeanGy": 50.5379457757247,
  "dminGy": 41.3225757268951,
  "volumeCc": 1085.28502693042,
  "curvePointCount": 5420,
  "curve": [[0,100],[0.05,100],[0.1,100],[0.15,100],[0.2,100],[0.25,100],[0.3,100],[0.35,100],[0.4,100],[0.45,100],[0.5,100],[0.55,100],[0.6,100],[0.65,100],[0.7,100],[0.75,100],[0.8,100],[0.85,100],[0.9,100],[0.95,100],[1,100],[1.05,100],[1.1,100],[1.15,100],[1.2,100],[1.25,100],[1.3,100],[1.35,100],[1.4,100],[1.45,100],[1.5,100],[1.55,100],[1.6,100],[1.65,100],[1.7,100],[1.75,100],[1.8,100],[1.85,100],[1.9,100],[1.95,100],[2,100],[2.05,100],[2.1,100],[2.15,100],[2.2,100],[2.25,100],[2.3,100],[2.35,100],[2.4,100],[2.45,100],[2.5,100],[2.55,100],[2.6,100],[2.65,100],[2.7,100],[2.75,100],[2.8,100],[2.85,100],[2.9,100],[2.95,100],[3,100],[3.05,100],[3.1,100],[3.15,100],[3.2,100],[3.25,100],[3.3,100],[3.35,100],[3.4,100],[3.45,100],[3.5,100],[3.55,100],[3.6,100],[3.65,100],[3.7,100],[3.75,100],[3.8,100],[3.85,100],[3.9,100],[3.95,100],[4,100],[4.05,100],[4.1,100],[4.15,100],[4.2,100],[4.25,100],[4.3,100],[4.35,100],[4.4,100],[4.45,100],[4.5,100],[4.55,100],[4.6,100],[4.65,100],[4.7,100],[4.75,100],[4.8,100],[4.85,100],[4.9,100],[4.95,100],[5,100],[5.05,100],[5.1,100],[5.15,100],[5.2,100],[5.25,100],[5.3,100],[5.35,100],[5.4,100],[5.45,100],[5.5,100],[5.55,100],[5.6,100],[5.65,100],[5.7,100],[5.75,100],[5.8,100],[5.85,100],[5.9,100],[5.95,100],[6,100],[6.05,100],[6.1,100],[6.15,100],[6.2,100],[6.25,100],[6.3,100],[6.35,100],[6.4,100],[6.45,100],[6.5,100],[6.55,100],[6.6,100],[6.65,100],[6.7,100],[6.75,100],[6.8,100],[6.85,100],[6.9,100],[6.95,100],[7,100],[7.05,100],[7.1,100],[7.15,100],[7.2,100],[7.25,100],[7.3,100],[7.35,100],[7.4,100],[7.45,100],[7.5,100],[7.55,100],[7.6,100],[7.65,100],[7.7,100],[7.75,100],[7.8,100],[7.85,100],[7.9,100],[7.95,100],[8,100],[8.05,100],[8.1,100],[8.15,100],[8.2,100],[8.25,100],[8.3,100],[8.35,100],[8.4,100],[8.45,100],[8.5,100],[8.55,100],[8.6,100],[8.65,100],[8.7,100],[8.75,100],[8.8,100],[8.85,100],[8.9,100],[8.95,100],[9,100],[9.05,100],[9.1,100],[9.15,100],[9.2,100],[9.25,100],[9.3,100],[9.35,100],[9.4,100],[9.45,100],[9.5,100],[9.55,100],[9.6,100],[9.65,100],[9.7,100],[9.75,100],[9.8,100],[9.85,100],[9.9,100],[9.95,100],[10,100],[10.05,100],[10.1,100],[10.15,100],[10.2,100],[10.25,100],[10.3,100],[10.35,100],[10.4,100],[10.45,100],[10.5,100],[10.55,100],[10.6,100],[10.65,100],[10.7,100],[10.75,100],[10.8,100],[10.85,100],[10.9,100],[10.95,100],[11,100],[11.05,100],[11.1,100],[11.15,100],[11.2,100],[11.25,100],[11.3,100],[11.35,100],[11.4,100],[11.45,100],[11.5,100],[11.55,100],[11.6,100],[11.65,100],[11.7,100],[11.75,100],[11.8,100],[11.85,100],[11.9,100],[11.95,100],[12,100],[12.05,100],[12.1,100],[12.15,100],[12.2,100],[12.25,100],[12.3,100],[12.35,100],[12.4,100],[12.45,100],[12.5,100],[12.55,100],[12.6,100],[12.65,100],[12.7,100],[12.75,100],[12.8,100],[12.85,100],[12.9,100],[12.95,100],[13,100],[13.05,100],[13.1,100],[13.15,100],[13.2,100],[13.25,100],[13.3,100],[13.35,100],[13.4,100],[13.45,100],[13.5,100],[13.55,100],[13.6,100],[13.65,100],[13.7,100],[13.75,100],[13.8,100],[13.85,100],[13.9,100],[13.95,100],[14,100],[14.05,100],[14.1,100],[14.15,100],[14.2,100],[14.25,100],[14.3,100],[14.35,100],[14.4,100],[14.45,100],[14.5,100],[14.55,100],[14.6,100],[14.65,100],[14.7,100],[14.75,100],[14.8,100],[14.85,100],[14.9,100],[14.95,100],[15,100],[15.05,100],[15.1,100],[15.15,100],[15.2,100],[15.25,100],[15.3,100],[15.35,100],[15.4,100],[15.45,100],[15.5,100],[15.55,100],[15.6,100],[15.65,100],[15.7,100],[15.75,100],[15.8,100],[15.85,100],[15.9,100],[15.95,100],[16,100],[16.05,100],[16.1,100],[16.15,100],[16.2,100],[16.25,100],[16.3,100],[16.35,100],[16.4,100],[16.45,100],[16.5,100],[16.55,100],[16.6,100],[16.65,100],[16.7,100],[16.75,100],[16.8,100],[16.85,100],[16.9,100],[16.95,100],[17,100],[17.05,100],[17.1,100],[17.15,100],[17.2,100],[17.25,100],[17.3,100],[17.35,100],[17.4,100],[17.45,100],[17.5,100],[17.55,100],[17.6,100],[17.65,100],[17.7,100],[17.75,100],[17.8,100],[17.85,100],[17.9,100],[17.95,100],[18,100],[18.05,100],[18.1,100],[18.15,100],[18.2,100],[18.25,100],[18.3,100],[18.35,100],[18.4,100],[18.45,100],[18.5,100],[18.55,100],[18.6,100],[18.65,100],[18.7,100],[18.75,100],[18.8,100],[18.85,100],[18.9,100],[18.95,100],[19,100],[19.05,100],[19.1,100],[19.15,100],[19.2,100],[19.25,100],[19.3,100],[19.35,100],[19.4,100],[19.45,100],[19.5,100],[19.55,100],[19.6,100],[19.65,100],[19.7,100],[19.75,100],[19.8,100],[19.85,100],[19.9,100],[19.95,100],[20,100],[20.05,100],[20.1,100],[20.15,100],[20.2,100],[20.25,100],[20.3,100],[20.35,100],[20.4,100],[20.45,100],[20.5,100],[20.55,100],[20.6,100],[20.65,100],[20.7,100],[20.75,100],[20.8,100],[20.85,100],[20.9,100],[20.95,100],[21,100],[21.05,100],[21.1,100],[21.15,100],[21.2,100],[21.25,100],[21.3,100],[21.35,100],[21.4,100],[21.45,100],[21.5,100],[21.55,100],[21.6,100],[21.65,100],[21.7,100],[21.75,100],[21.8,100],[21.85,100],[21.9,100],[21.95,100],[22,100],[22.05,100],[22.1,100],[22.15,100],[22.2,100],[22.25,100],[22.3,100],[22.35,100],[22.4,100],[22.45,100],[22.5,100],[22.55,100],[22.6,100],[22.65,100],[22.7,100],[22.75,100],[22.8,100],[22.85,100],[22.9,100],[22.95,100],[23,100],[23.05,100],[23.1,100],[23.15,100],[23.2,100],[23.25,100],[23.3,100],[23.35,100],[23.4,100],[23.45,100],[23.5,100],[23.55,100],[23.6,100],[23.65,100],[23.7,100],[23.75,100],[23.8,100],[23.85,100],[23.9,100],[23.95,100],[24,100],[24.05,100],[24.1,100],[24.15,100],[24.2,100],[24.25,100],[24.3,100],[24.35,100],[24.4,100],[24.45,100],[24.5,100],[24.55,100],[24.6,100],[24.65,100],[24.7,100],[24.75,100],[24.8,100],[24.85,100],[24.9,100],[24.95,100],[25,100],[25.05,100],[25.1,100],[25.15,100],[25.2,100],[25.25,100],[25.3,100],[25.35,100],[25.4,100],[25.45,100],[25.5,100],[25.55,100],[25.6,100],[25.65,100],[25.7,100],[25.75,100],[25.8,100],[25.85,100],[25.9,100],[25.95,100],[26,100],[26.05,100],[26.1,100],[26.15,100],[26.2,100],[26.25,100],[26.3,100],[26.35,100],[26.4,100],[26.45,100],[26.5,100],[26.55,100],[26.6,100],[26.65,100],[26.7,100],[26.75,100],[26.8,100],[26.85,100],[26.9,100],[26.95,100],[27,100],[27.05,100],[27.1,100],[27.15,100],[27.2,100],[27.25,100],[27.3,100],[27.35,100],[27.4,100],[27.45,100],[27.5,100],[27.55,100],[27.6,100],[27.65,100],[27.7,100],[27.75,100],[27.8,100],[27.85,100],[27.9,100],[27.95,100],[28,100],[28.05,100],[28.1,100],[28.15,100],[28.2,100],[28.25,100],[28.3,100],[28.35,100],[28.4,100],[28.45,100],[28.5,100],[28.55,100],[28.6,100],[28.65,100],[28.7,100],[28.75,100],[28.8,100],[28.85,100],[28.9,100],[28.95,100],[29,100],[29.05,100],[29.1,100],[29.15,100],[29.2,100],[29.25,100],[29.3,100],[29.35,100],[29.4,100],[29.45,100],[29.5,100],[29.55,100],[29.6,100],[29.65,100],[29.7,100],[29.75,100],[29.8,100],[29.85,100],[29.9,100],[29.95,100],[30,100],[30.05,100],[30.1,100],[30.15,100],[30.2,100],[30.25,100],[30.3,100],[30.35,100],[30.4,100],[30.45,100],[30.5,100],[30.55,100],[30.6,100],[30.65,100],[30.7,100],[30.75,100],[30.8,100],[30.85,100],[30.9,100],[30.95,100],[31,100],[31.05,100],[31.1,100],[31.15,100],[31.2,100],[31.25,100],[31.3,100],[31.35,100],[31.4,100],[31.45,100],[31.5,100],[31.55,100],[31.6,100],[31.65,100],[31.7,100],[31.75,100],[31.8,100],[31.85,100],[31.9,100],[31.95,100],[32,100],[32.05,100],[32.1,100],[32.15,100],[32.2,100],[32.25,100],[32.3,100],[32.35,100],[32.4,100],[32.45,100],[32.5,100],[32.55,100],[32.6,100],[32.65,100],[32.7,100],[32.75,100],[32.8,100],[32.85,100],[32.9,100],[32.95,100],[33,100],[33.05,100],[33.1,100],[33.15,100],[33.2,100],[33.25,100],[33.3,100],[33.35,100],[33.4,100],[33.45,100],[33.5,100],[33.55,100],[33.6,100],[33.65,100],[33.7,100],[33.75,100],[33.8,100],[33.85,100],[33.9,100],[33.95,100],[34,100],[34.05,100],[34.1,100],[34.15,100],[34.2,100],[34.25,100],[34.3,100],[34.35,100],[34.4,100],[34.45,100],[34.5,100],[34.55,100],[34.6,100],[34.65,100],[34.7,100],[34.75,100],[34.8,100],[34.85,100],[34.9,100],[34.95,100],[35,100],[35.05,