{
  "xSize": 512,
  "ySize": 512,
  "zSize": 255,
  "xRes": 0.847,
  "yRes": 0.847,
  "zRes": 2,
  "origin": [-216.568, -215.4941, -121.5],
  "xDirection": [1, 0, 0],
  "yDirection": [0, 1, 0],
  "zDirection": [0, 0, 1],
  "frameOfReference": "1.2.246.352.71.8.187635671729.4627779.20260326084535"
}